<?xml version="1.0" encoding="UTF-8"?>
<project-private xmlns="http://www.netbeans.org/ns/project-private/1">
    <editor-bookmarks xmlns="http://www.netbeans.org/ns/editor-bookmarks/2" lastBookmarkId="0"/>
    <open-files xmlns="http://www.netbeans.org/ns/projectui-open-files/2">
        <group>
            <file>file:/C:/Program%20Files%20(x86)/Ampps/www/GestionStages/config/app.php</file>
            <file>file:/C:/Program%20Files%20(x86)/Ampps/www/GestionStages/src/Model/Entity/Milieux.php</file>
            <file>file:/C:/Program%20Files%20(x86)/Ampps/www/GestionStages/src/Template/Milieux/view.ctp</file>
            <file>file:/C:/Program%20Files%20(x86)/Ampps/www/GestionStages/src/Template/Milieux/index.ctp</file>
            <file>file:/C:/Program%20Files%20(x86)/Ampps/www/GestionStages/src/Template/Users/view.ctp</file>
            <file>file:/C:/Program%20Files%20(x86)/Ampps/www/GestionStages/src/Controller/MilieuxStagesController.php</file>
            <file>file:/C:/Program%20Files%20(x86)/Ampps/www/GestionStages/src/Template/Email/text/default.ctp</file>
            <file>file:/C:/Program%20Files%20(x86)/Ampps/www/GestionStages/src/Template/Emails/index.ctp</file>
            <file>file:/C:/Program%20Files%20(x86)/Ampps/www/GestionStages/src/Template/Environments/index.ctp</file>
            <file>file:/C:/Program%20Files%20(x86)/Ampps/www/GestionStages/src/Controller/EnvironmentsController.php</file>
            <file>file:/C:/Program%20Files%20(x86)/Ampps/www/GestionStages/src/Template/Establishments/add.ctp</file>
            <file>file:/C:/Program%20Files%20(x86)/Ampps/www/GestionStages/src/Template/Pages/home.ctp</file>
            <file>file:/C:/Program%20Files%20(x86)/Ampps/www/GestionStages/bin/cake.php</file>
            <file>file:/C:/Program%20Files%20(x86)/Ampps/www/GestionStages/index.php</file>
            <file>file:/C:/Program%20Files%20(x86)/Ampps/www/GestionStages/src/Template/Email/html/default.ctp</file>
            <file>file:/C:/Program%20Files%20(x86)/Ampps/www/GestionStages/src/Controller/EmailsController.php</file>
        </group>
    </open-files>
</project-private>
